Name,Sequence,MoleculeType,Kd_nM,ActivityScore,H_bonds,Hydrophobic_contacts,Pi_stacking,Electrostatic_contacts,Salt_bridges,Metal_coordination,Van_der_Waals,Water_bridges,Base_pairing_contacts,Base_stacking_contacts,Target_contact_count
DNA_Apt_001,GGGTTAGGGTTAGGGTTAGGG,DNA,12.5,91,9,2,7,5,1,0,18,3,6,8,31
DNA_Apt_002,ACGTACGTGGGACCTTACGA,DNA,85.0,72,5,1,3,3,0,0,12,1,4,5,20
DNA_Apt_003,TGCGTACGATCGTACGATCG,DNA,180.0,58,3,0,1,2,0,0,9,0,2,3,13
DNA_Apt_004,GGATCCGGATCCGGATCCGG,DNA,35.0,83,7,2,5,4,1,1,15,2,5,7,26
DNA_Apt_005,ATATATGCGCGCGTATATGC,DNA,260.0,49,2,0,1,1,0,0,7,0,2,2,10
DNA_Apt_006,GCGCGGGGTTTTCCCCAAAA,DNA,22.0,88,8,1,6,5,1,0,16,3,7,8,29
DNA_Apt_007,ACACACGGTTGGACACACGG,DNA,95.0,69,5,1,3,3,0,0,11,1,4,4,18
DNA_Apt_008,TTGGAACCGGTTAACCGGTT,DNA,140.0,61,4,0,2,2,0,0,10,1,3,4,16
DNA_Apt_009,GGGCGGGCGGGTTTAAACCC,DNA,18.0,90,9,2,8,5,1,1,19,4,7,9,33
DNA_Apt_010,CCATGGCCATGGTTACCGGA,DNA,70.0,75,6,1,4,3,0,0,13,2,4,6,22
RNA_Apt_001,GGGUUAGGGUUAGGGUUAGGG,RNA,10.0,93,10,2,8,6,1,1,20,4,7,9,35
RNA_Apt_002,ACGUACGUGGGACCUUACGA,RNA,75.0,74,6,1,4,3,0,0,13,2,4,6,23
RNA_Apt_003,UGCGUACGAUCGUACGAUCG,RNA,170.0,59,3,0,2,2,0,0,9,0,2,3,14
RNA_Apt_004,GGAUCCGGAUCCGGAUCCGG,RNA,30.0,85,8,2,6,4,1,1,16,3,6,8,28
RNA_Apt_005,AUAUAUGCGCGCGUAUAUGC,RNA,240.0,51,3,0,1,1,0,0,8,0,2,2,11
RNA_Apt_006,GCGCGGGGUUUUCCCCAAAA,RNA,19.0,89,9,1,7,5,1,0,17,3,7,8,31
RNA_Apt_007,ACACACGGUUGGACACACGG,RNA,90.0,70,5,1,3,3,0,0,12,1,4,5,19
RNA_Apt_008,UUGGAACCGGUUAACCGGUU,RNA,135.0,62,4,0,2,2,0,0,10,1,3,4,16
RNA_Apt_009,GGGCGGGCGGGUUUAAACCC,RNA,15.0,92,10,2,8,6,1,1,20,4,8,10,35
RNA_Apt_010,CCAUGGCCAUGGUUACCGGA,RNA,66.0,76,6,1,4,3,0,0,14,2,5,6,23
